formula_id,ingredient_id,concentration,test_ph,viscosity,temperature,final_score
101,1,5.0,6.4,1200,25,87
102,2,4.0,6.1,1150,25,90
103,3,2.0,3.9,980,25,62
104,4,6.0,5.6,1400,25,84
105,5,3.0,3.4,1000,25,57
106,6,2.5,6.9,1500,25,95
107,7,1.5,5.1,1100,25,74
108,8,1.0,5.0,970,25,52
109,9,4.5,6.2,1300,25,85
110,10,7.0,6.8,1600,25,81
